cenario_id,preco_medio_calculado
1,10.48
2,10.48
3,10.48
4,10.48
5,10.48
6,10.48
7,10.48
8,10.48
9,10.48
10,10.48
11,10.48
12,10.48
13,10.48
14,10.48
15,10.48
16,10.48
17,10.48
18,10.48
19,10.48
20,10.48
21,10.48
22,10.48
23,10.48
24,10.48
25,10.48
26,10.48
27,10.48
28,10.48
29,10.48
30,10.48
31,10.48
32,10.48
33,10.48
34,10.48
35,10.48
36,10.48
37,10.48
38,10.48
39,10.48
40,10.48
41,10.48
42,10.48
43,10.48
44,10.48
45,10.48
46,10.48
47,10.48
48,10.48
49,10.48
50,10.48
51,10.48
52,10.48
53,10.48
54,10.48
55,10.48
56,10.48
57,10.48
58,10.48
59,10.48
60,10.48
61,10.48
62,10.48
63,10.48
64,10.48
65,10.48
66,10.48
67,10.48
68,10.48
69,10.48
70,10.48
71,10.48
72,10.48
73,10.48
74,10.48
75,10.48
76,10.48
77,10.48
78,10.48
79,10.48
80,10.48
81,10.48
82,10.48
83,10.48
84,10.48
85,10.48
86,10.48
87,10.48
88,10.48
89,10.48
90,10.48
91,10.48
92,10.48
93,10.48
94,10.48
95,10.48
96,10.48
97,10.48
98,10.48
99,10.48
100,10.48
101,10.48
102,10.48
103,10.48
104,10.48
105,10.48
106,10.48
107,10.48
108,10.48
109,10.48
110,10.48
111,10.48
112,10.48
113,10.48
114,10.48
115,10.48
116,10.48
117,10.48
118,10.48
119,10.48
120,10.48
121,10.48
122,10.48
123,10.48
124,10.48
125,10.48
126,10.48
127,10.48
128,10.48
129,10.48
130,10.48
131,10.48
132,10.48
133,10.48
134,10.48
135,10.48
136,10.48
137,10.48
138,10.48
139,10.48
140,10.48
141,10.48
142,10.48
143,10.48
144,10.48
145,10.48
146,10.48
147,10.48
148,10.48
149,10.48
150,10.48
151,10.48
152,10.48
153,10.48
154,10.48
155,10.48
156,10.48
157,10.48
158,10.48
159,10.48
160,10.48
161,10.48
162,10.48
163,10.48
164,10.48
165,10.48
166,10.48
167,10.48
168,10.48
169,10.48
170,10.48
171,10.48
172,10.48
173,10.48
174,10.48
175,10.48
176,10.48
177,10.48
178,10.48
179,10.48
180,10.48
181,10.48
182,10.48
183,10.48
184,10.48
185,10.48
186,10.48
187,10.48
188,10.48
189,10.48
190,10.48
191,10.48
192,10.48
193,10.48
194,10.48
195,10.48
196,10.48
197,10.48
198,10.48
199,10.48
200,10.48
201,10.48
202,10.48
203,10.48
204,10.48
205,10.48
206,10.48
207,10.48
208,10.48
209,10.48
210,10.48
211,10.48
212,10.48
213,10.48
214,10.48
215,10.48
216,10.48
217,10.48
218,10.48
219,10.48
220,10.48
221,10.48
222,10.48
223,10.48
224,10.48
225,10.48
226,10.48
227,10.48
228,10.48
229,10.48
230,10.48
231,10.48
232,10.48
233,10.48
234,10.48
235,10.48
236,10.48
237,10.48
238,10.48
239,10.48
240,10.48
241,10.48
242,10.48
243,10.48
244,10.48
245,10.48
246,10.48
247,10.48
248,10.48
249,10.48
250,10.48
251,10.48
252,10.48
253,10.48
254,10.48
255,10.48
256,10.48
257,10.48
258,10.48
259,10.48
260,10.48
261,10.48
262,10.48
263,10.48
264,10.48
265,10.48
266,10.48
267,10.48
268,10.48
269,10.48
270,10.48
271,10.48
272,10.48
273,10.48
274,10.48
275,10.48
276,10.48
277,10.48
278,10.48
279,10.48
280,10.48
281,10.48
282,10.48
283,10.48
284,10.48
285,10.48
286,10.48
287,10.48
288,10.48
289,10.48
290,10.48
291,10.48
292,10.48
293,10.48
294,10.48
295,10.48
296,10.48
297,10.48
298,10.48
299,10.48
300,10.48
301,10.48
302,10.48
303,10.48
304,10.48
305,10.48
306,10.48
307,10.48
308,10.48
309,10.48
310,10.48
311,10.48
312,10.48
313,10.48
314,10.48
315,10.48
316,10.48
317,10.48
318,10.48
319,10.48
320,10.48
321,10.48
322,10.48
323,10.48
324,10.48
325,10.48
326,10.48
327,10.48
328,10.48
329,10.48
330,10.48
331,10.48
332,10.48
333,10.48
334,10.48
335,10.48
336,10.48
337,10.48
338,10.48
339,10.48
340,10.48
341,10.48
342,10.48
343,10.48
344,10.48
345,10.48
346,10.48
347,10.48
348,10.48
349,10.48
350,10.48
351,10.48
352,10.48
353,10.48
354,10.48
355,10.48
356,10.48
357,10.48
358,10.48
359,10.48
360,10.48
361,10.48
362,10.48
363,10.48
364,10.48
365,10.48
366,10.48
367,10.48
368,10.48
369,10.48
370,10.48
371,10.48
372,10.48
373,10.48
374,10.48
375,10.48
376,10.48
377,10.48
378,10.48
379,10.48
380,10.48
381,10.48
382,10.48
383,10.48
384,10.48
385,10.48
386,10.48
387,10.48
388,10.48
389,10.48
390,10.48
391,10.48
392,10.48
393,10.48
394,10.48
395,10.48
396,10.48
397,10.48
398,10.48
399,10.48
400,10.48
401,10.48
402,10.48
403,10.48
404,10.48
405,10.48
406,10.48
407,10.48
408,10.48
409,10.48
410,10.48
411,10.48
412,10.48
413,10.48
414,10.48
415,10.48
416,10.48
417,10.48
418,10.48
419,10.48
420,10.48
421,10.48
422,10.48
423,10.48
424,10.48
425,10.48
426,10.48
427,10.48
428,10.48
429,10.48
430,10.48
431,10.48
432,10.48
433,10.48
434,10.48
435,10.48
436,10.48
437,10.48
438,10.48
439,10.48
440,10.48
441,10.48
442,10.48
443,10.48
444,10.48
445,10.48
446,10.48
447,10.48
448,10.48
449,10.48
450,10.48
451,10.48
452,10.48
453,10.48
454,10.48
455,10.48
456,10.48
457,10.48
458,10.48
459,10.48
460,10.48
461,10.48
462,10.48
463,10.48
464,10.48
465,10.48
466,10.48
467,10.48
468,10.48
469,10.48
470,10.48
471,10.48
472,10.48
473,10.48
474,10.48
475,10.48
476,10.48
477,10.48
478,10.48
479,10.48
480,10.48
481,10.48
482,10.48
483,10.48
484,10.48
485,10.48
486,10.48
487,10.48
488,10.48
489,10.48
490,10.48
491,10.48
492,10.48
493,10.48
494,10.48
495,10.48
496,10.48
497,10.48
498,10.48
499,10.48
500,10.48
